task_id	hash	native_id	process	tag	status	exit	submit	start	complete	duration	realtime	cpus	peak_rss	peak_vmem	rchar	wchar
25	16/a5d8a8	2991042	CALL_SNVS	Cohort_A/6iegzyVR/chr13	COMPLETED	0	2026-04-01 08:14:50.316	2026-04-01 08:14:50.413	2026-04-01 08:14:52.142	1.8s	174ms	2	17.5 MB	2.5 GB	415.5 KB	2.4 KB
1	45/49522d	2991035	CALL_SNVS	Cohort_A/6iegzyVR/chr1	COMPLETED	0	2026-04-01 08:14:50.307	2026-04-01 08:14:50.320	2026-04-01 08:14:52.242	1.9s	180ms	2	18.2 MB	2.5 GB	564.4 KB	54.2 KB
13	81/cd911c	2991029	CALL_CNVS	Cohort_B/TXBZa1Rf	COMPLETED	0	2026-04-01 08:14:50.294	2026-04-01 08:14:50.315	2026-04-01 08:14:52.577	2.3s	591ms	4	3.9 MB	12.2 MB	24.3 MB	148 KB
8	34/4f6ec1	2991528	CALL_SNVS	Cohort_A/6iegzyVR/chr4	COMPLETED	0	2026-04-01 08:14:52.151	2026-04-01 08:14:52.243	2026-04-01 08:14:53.915	1.8s	127ms	2	17.7 MB	2.5 GB	415.5 KB	2.4 KB
6	63/c1ae7c	2991540	CALL_SNVS	Cohort_A/6iegzyVR/chr3	COMPLETED	0	2026-04-01 08:14:52.255	2026-04-01 08:14:52.342	2026-04-01 08:14:53.970	1.7s	103ms	2	3.8 MB	12.2 MB	483.5 KB	48.7 KB
5	c3/5f367c	2991564	CALL_CNVS	Cohort_A/l1m7WayG	COMPLETED	0	2026-04-01 08:14:52.587	2026-04-01 08:14:52.678	2026-04-01 08:14:54.809	2.2s	558ms	4	3.8 MB	12.2 MB	24.3 MB	115.9 KB
16	3b/266ab4	2991891	CALL_SNVS	Cohort_A/6iegzyVR/chr6	COMPLETED	0	2026-04-01 08:14:53.921	2026-04-01 08:14:53.971	2026-04-01 08:14:55.646	1.7s	100ms	2	3.8 MB	12.2 MB	415.5 KB	2.4 KB
23	da/176edf	2991944	CALL_SNVS	Cohort_A/6iegzyVR/chr11	COMPLETED	0	2026-04-01 08:14:53.975	2026-04-01 08:14:54.070	2026-04-01 08:14:55.647	1.7s	138ms	2	17.7 MB	2.5 GB	413.7 KB	2.4 KB
3	01/efcc22	2992179	CALL_CNVS	Cohort_A/6iegzyVR	COMPLETED	0	2026-04-01 08:14:54.816	2026-04-01 08:14:54.909	2026-04-01 08:14:56.933	2.1s	568ms	4	3.7 MB	12.2 MB	24.7 MB	319.7 KB
26	a8/0e0cba	2992548	CALL_SNVS	Cohort_A/6iegzyVR/chr14	COMPLETED	0	2026-04-01 08:14:55.657	2026-04-01 08:14:55.748	2026-04-01 08:14:57.311	1.7s	98ms	2	3.7 MB	12.2 MB	415.5 KB	2.4 KB
21	02/21116f	2992541	CALL_SNVS	Cohort_A/6iegzyVR/chr9	COMPLETED	0	2026-04-01 08:14:55.652	2026-04-01 08:14:55.747	2026-04-01 08:14:57.329	1.7s	86ms	2	3.9 MB	12.2 MB	413.7 KB	2.4 KB
22	63/219421	2993082	CALL_SNVS	Cohort_A/6iegzyVR/chr10	COMPLETED	0	2026-04-01 08:14:57.316	2026-04-01 08:14:57.329	2026-04-01 08:14:58.984	1.7s	103ms	2	3.8 MB	12.2 MB	413.7 KB	2.4 KB
15	fb/2a44f6	2993098	GVCF_STATS	Cohort_B/p0vXFG9j	COMPLETED	0	2026-04-01 08:14:57.335	2026-04-01 08:14:57.428	2026-04-01 08:14:59.003	1.7s	58ms	2	0	0	365.6 KB	45.8 KB
7	92/bbba02	2992794	CALL_CNVS	Cohort_A/flwxQ4S6	COMPLETED	0	2026-04-01 08:14:56.946	2026-04-01 08:14:57.033	2026-04-01 08:14:59.183	2.2s	660ms	4	3.8 MB	12.2 MB	24.8 MB	398.6 KB
24	eb/3606e5	2993621	CALL_SNVS	Cohort_A/6iegzyVR/chr12	COMPLETED	0	2026-04-01 08:14:59.009	2026-04-01 08:14:59.104	2026-04-01 08:15:00.658	1.6s	125ms	2	3.7 MB	12.2 MB	415.5 KB	2.4 KB
17	d6/a56c40	2993604	GVCF_STATS	Cohort_B/y9NrF4aH	COMPLETED	0	2026-04-01 08:14:58.989	2026-04-01 08:14:59.003	2026-04-01 08:15:00.680	1.7s	81ms	2	3.9 MB	12.2 MB	302.7 KB	42.6 KB
9	86/71a88e	2993647	CALL_CNVS	Cohort_B/p0vXFG9j	COMPLETED	0	2026-04-01 08:14:59.191	2026-04-01 08:14:59.283	2026-04-01 08:15:01.264	2.1s	538ms	4	3.8 MB	12.2 MB	24.8 MB	398.2 KB
10	c4/5579e9	2993976	GVCF_STATS	Cohort_A/l1m7WayG	COMPLETED	0	2026-04-01 08:15:00.662	2026-04-01 08:15:00.680	2026-04-01 08:15:02.283	1.6s	67ms	2	3.8 MB	12.2 MB	207.2 KB	38.5 KB
20	3e/fce09f	2994027	CALL_SNVS	Cohort_A/6iegzyVR/chr8	COMPLETED	0	2026-04-01 08:15:00.684	2026-04-01 08:15:00.779	2026-04-01 08:15:02.305	1.6s	84ms	2	3.8 MB	12.2 MB	415.5 KB	2.4 KB
4	43/bbdac7	2994197	CALL_SNVS	Cohort_A/6iegzyVR/chr2	COMPLETED	0	2026-04-01 08:15:01.271	2026-04-01 08:15:01.365	2026-04-01 08:15:02.939	1.7s	136ms	2	3.8 MB	12.2 MB	539.5 KB	58.9 KB
18	6f/27de7b	2994199	CALL_SNVS	Cohort_A/6iegzyVR/chr7	COMPLETED	0	2026-04-01 08:15:01.279	2026-04-01 08:15:01.366	2026-04-01 08:15:02.952	1.7s	107ms	2	3.9 MB	12.2 MB	415.5 KB	2.4 KB
2	3d/5644fc	2994556	GVCF_STATS	Cohort_A/6iegzyVR	COMPLETED	0	2026-04-01 08:15:02.288	2026-04-01 08:15:02.306	2026-04-01 08:15:03.997	1.7s	48ms	2	0	0	322.7 KB	40.9 KB
27	52/479b0f	2994578	CALL_SNVS	Cohort_A/6iegzyVR/chr15	COMPLETED	0	2026-04-01 08:15:02.310	2026-04-01 08:15:02.405	2026-04-01 08:15:04.037	1.7s	103ms	2	3.8 MB	12.2 MB	415.5 KB	2.4 KB
12	38/7328aa	2994876	GVCF_STATS	Cohort_A/flwxQ4S6	COMPLETED	0	2026-04-01 08:15:02.945	2026-04-01 08:15:02.952	2026-04-01 08:15:04.654	1.7s	104ms	2	19.3 MB	2.4 GB	365.5 KB	45.7 KB
14	6a/89b679	2994888	CALL_SNVS	Cohort_A/6iegzyVR/chr5	COMPLETED	0	2026-04-01 08:15:02.957	2026-04-01 08:15:03.052	2026-04-01 08:15:04.698	1.7s	58ms	2	3.8 MB	12.2 MB	415.5 KB	2.4 KB
19	8a/5bb117	2995194	GVCF_STATS	Cohort_B/TXBZa1Rf	COMPLETED	0	2026-04-01 08:15:04.001	2026-04-01 08:15:04.038	2026-04-01 08:15:05.789	1.8s	53ms	2	0	0	216.4 KB	38.3 KB
28	e2/16af5a	2995260	CALL_SNVS	Cohort_A/6iegzyVR/chr16	COMPLETED	0	2026-04-01 08:15:04.041	2026-04-01 08:15:04.138	2026-04-01 08:15:06.759	2.7s	985ms	2	17.7 MB	2.5 GB	413.7 KB	2.4 KB
29	48/e5b60a	2995471	CALL_SNVS	Cohort_A/6iegzyVR/chr17	COMPLETED	0	2026-04-01 08:15:04.658	2026-04-01 08:15:04.698	2026-04-01 08:15:06.991	2.3s	733ms	2	17.7 MB	2.5 GB	415.5 KB	2.4 KB
30	35/34c392	2995555	CALL_SNVS	Cohort_A/6iegzyVR/chr18	COMPLETED	0	2026-04-01 08:15:04.705	2026-04-01 08:15:04.798	2026-04-01 08:15:07.251	2.5s	852ms	2	3.9 MB	12.2 MB	415.5 KB	2.4 KB
31	94/389fd5	2995887	CALL_SNVS	Cohort_A/6iegzyVR/chr19	COMPLETED	0	2026-04-01 08:15:05.798	2026-04-01 08:15:05.889	2026-04-01 08:15:08.423	2.6s	937ms	2	17.7 MB	2.5 GB	415.5 KB	2.4 KB
32	a6/0cfded	2996165	CALL_SNVS	Cohort_A/6iegzyVR/chr20	COMPLETED	0	2026-04-01 08:15:06.766	2026-04-01 08:15:06.860	2026-04-01 08:15:09.248	2.5s	934ms	2	17.8 MB	2.5 GB	415.5 KB	2.4 KB
33	3f/51fa9c	2996206	CALL_SNVS	Cohort_A/6iegzyVR/chr21	COMPLETED	0	2026-04-01 08:15:06.995	2026-04-01 08:15:07.092	2026-04-01 08:15:09.492	2.5s	812ms	2	17.6 MB	2.4 GB	415.5 KB	2.4 KB
46	6c/ea062a	2996258	CALL_SNVS	Cohort_A/l1m7WayG/chr10	COMPLETED	0	2026-04-01 08:15:07.254	2026-04-01 08:15:07.353	2026-04-01 08:15:10.107	2.9s	1.1s	2	16.5 MB	2.5 GB	256.2 KB	2.4 KB
34	ac/a2c1b0	2996589	CALL_SNVS	Cohort_A/6iegzyVR/chr22	COMPLETED	0	2026-04-01 08:15:08.430	2026-04-01 08:15:08.523	2026-04-01 08:15:10.709	2.3s	661ms	2	17.6 MB	2.4 GB	415.5 KB	2.4 KB
35	97/532612	2996890	CALL_SNVS	Cohort_A/6iegzyVR/chrX	COMPLETED	0	2026-04-01 08:15:09.254	2026-04-01 08:15:09.348	2026-04-01 08:15:10.983	1.7s	104ms	2	3.8 MB	12.2 MB	415.5 KB	2.4 KB
36	c0/a79ff5	2996917	CALL_SNVS	Cohort_A/6iegzyVR/chrY	COMPLETED	0	2026-04-01 08:15:09.499	2026-04-01 08:15:09.594	2026-04-01 08:15:11.271	1.8s	136ms	2	17.7 MB	2.5 GB	415.5 KB	2.4 KB
37	4a/5f782a	2997114	CALL_SNVS	Cohort_A/l1m7WayG/chr1	COMPLETED	0	2026-04-01 08:15:10.114	2026-04-01 08:15:10.207	2026-04-01 08:15:11.885	1.8s	119ms	2	3.8 MB	12.2 MB	336.5 KB	58.1 KB
38	c2/e99e76	2997185	CALL_SNVS	Cohort_A/l1m7WayG/chr2	COMPLETED	0	2026-04-01 08:15:10.717	2026-04-01 08:15:10.809	2026-04-01 08:15:12.468	1.8s	88ms	2	3.8 MB	12.2 MB	254.4 KB	2.4 KB
39	ff/e4f2d1	2997355	CALL_SNVS	Cohort_A/l1m7WayG/chr3	COMPLETED	0	2026-04-01 08:15:10.987	2026-04-01 08:15:11.082	2026-04-01 08:15:12.682	1.7s	75ms	2	3.9 MB	12.2 MB	256.2 KB	2.4 KB
40	f3/15a7eb	2997510	CALL_SNVS	Cohort_A/l1m7WayG/chr4	COMPLETED	0	2026-04-01 08:15:11.275	2026-04-01 08:15:11.372	2026-04-01 08:15:12.984	1.7s	91ms	2	3.8 MB	12.2 MB	256.2 KB	2.4 KB
41	42/3553de	2997704	CALL_SNVS	Cohort_A/l1m7WayG/chr5	COMPLETED	0	2026-04-01 08:15:11.890	2026-04-01 08:15:11.985	2026-04-01 08:15:13.537	1.6s	81ms	2	3.9 MB	12.2 MB	256.2 KB	2.4 KB
42	0a/869c3e	2997883	CALL_SNVS	Cohort_A/l1m7WayG/chr6	COMPLETED	0	2026-04-01 08:15:12.473	2026-04-01 08:15:12.568	2026-04-01 08:15:14.183	1.7s	96ms	2	3.8 MB	12.2 MB	256.2 KB	2.4 KB
43	84/89bbd8	2998051	CALL_SNVS	Cohort_A/l1m7WayG/chr7	COMPLETED	0	2026-04-01 08:15:12.685	2026-04-01 08:15:12.783	2026-04-01 08:15:14.400	1.7s	68ms	2	3.9 MB	12.2 MB	256.2 KB	2.4 KB
44	29/b89022	2998205	CALL_SNVS	Cohort_A/l1m7WayG/chr8	COMPLETED	0	2026-04-01 08:15:12.989	2026-04-01 08:15:13.084	2026-04-01 08:15:14.657	1.7s	72ms	2	3.9 MB	12.2 MB	256.2 KB	2.4 KB
45	be/3770b9	2998403	CALL_SNVS	Cohort_A/l1m7WayG/chr9	COMPLETED	0	2026-04-01 08:15:13.543	2026-04-01 08:15:13.637	2026-04-01 08:15:15.251	1.7s	91ms	2	3.9 MB	12.2 MB	254.4 KB	2.4 KB
48	c0/27dc08	2998579	CALL_SNVS	Cohort_A/l1m7WayG/chr12	COMPLETED	0	2026-04-01 08:15:14.188	2026-04-01 08:15:14.283	2026-04-01 08:15:16.366	2.2s	517ms	2	16.6 MB	2.5 GB	256.2 KB	2.4 KB
47	e9/85aac7	2998749	CALL_SNVS	Cohort_A/l1m7WayG/chr11	COMPLETED	0	2026-04-01 08:15:14.409	2026-04-01 08:15:14.500	2026-04-01 08:15:16.493	2.1s	475ms	2	16.6 MB	2.5 GB	256.2 KB	2.4 KB
49	df/711cef	2998901	CALL_SNVS	Cohort_A/l1m7WayG/chr13	COMPLETED	0	2026-04-01 08:15:14.661	2026-04-01 08:15:14.757	2026-04-01 08:15:16.790	2.1s	344ms	2	16.5 MB	2.5 GB	256.2 KB	2.4 KB
50	37/c9200c	2999098	CALL_SNVS	Cohort_A/l1m7WayG/chr14	COMPLETED	0	2026-04-01 08:15:15.255	2026-04-01 08:15:15.351	2026-04-01 08:15:17.376	2.1s	525ms	2	16.5 MB	2.5 GB	256.2 KB	2.4 KB
51	83/9dd4f4	2999461	CALL_SNVS	Cohort_A/l1m7WayG/chr15	COMPLETED	0	2026-04-01 08:15:16.371	2026-04-01 08:15:16.466	2026-04-01 08:15:18.029	1.7s	87ms	2	3.8 MB	12.2 MB	254.4 KB	2.4 KB
53	fb/5568f8	2999562	CALL_SNVS	Cohort_A/l1m7WayG/chr17	COMPLETED	0	2026-04-01 08:15:16.499	2026-04-01 08:15:16.593	2026-04-01 08:15:18.237	1.7s	87ms	2	3.7 MB	12.2 MB	254.4 KB	2.4 KB
52	1b/880f3e	2999606	CALL_SNVS	Cohort_A/l1m7WayG/chr16	COMPLETED	0	2026-04-01 08:15:16.795	2026-04-01 08:15:16.895	2026-04-01 08:15:18.488	1.7s	89ms	2	3.8 MB	12.2 MB	254.4 KB	2.4 KB
66	53/bdb86e	2999797	CALL_SNVS	Cohort_A/flwxQ4S6/chr6	COMPLETED	0	2026-04-01 08:15:17.380	2026-04-01 08:15:17.476	2026-04-01 08:15:19.039	1.7s	75ms	2	3.8 MB	12.2 MB	441.4 KB	2.4 KB
54	87/38375e	2999975	CALL_SNVS	Cohort_A/l1m7WayG/chr18	COMPLETED	0	2026-04-01 08:15:18.033	2026-04-01 08:15:18.129	2026-04-01 08:15:19.807	1.8s	87ms	2	3.9 MB	12.2 MB	252.6 KB	2.4 KB
55	0d/2b8438	3000143	CALL_SNVS	Cohort_A/l1m7WayG/chr19	COMPLETED	0	2026-04-01 08:15:18.241	2026-04-01 08:15:18.338	2026-04-01 08:15:19.857	1.6s	60ms	2	3.9 MB	12.2 MB	254.4 KB	2.4 KB
56	b5/af53b9	3000297	CALL_SNVS	Cohort_A/l1m7WayG/chr20	COMPLETED	0	2026-04-01 08:15:18.492	2026-04-01 08:15:18.589	2026-04-01 08:15:20.229	1.7s	92ms	2	3.9 MB	12.2 MB	256.2 KB	2.4 KB
57	8d/fb39eb	3000493	CALL_SNVS	Cohort_A/l1m7WayG/chr21	COMPLETED	0	2026-04-01 08:15:19.043	2026-04-01 08:15:19.139	2026-04-01 08:15:20.773	1.7s	93ms	2	3.8 MB	12.2 MB	256.2 KB	2.4 KB
58	f2/f4a32e	3000750	CALL_SNVS	Cohort_A/l1m7WayG/chr22	COMPLETED	0	2026-04-01 08:15:19.813	2026-04-01 08:15:19.857	2026-04-01 08:15:21.481	1.7s	85ms	2	3.9 MB	12.2 MB	254.4 KB	2.4 KB
71	a3/8602e6	3000843	CALL_SNVS	Cohort_A/flwxQ4S6/chr11	COMPLETED	0	2026-04-01 08:15:19.861	2026-04-01 08:15:19.957	2026-04-01 08:15:21.589	1.7s	89ms	2	3.8 MB	12.2 MB	441.4 KB	2.4 KB
59	c7/a86990	3000997	CALL_SNVS	Cohort_A/l1m7WayG/chrX	COMPLETED	0	2026-04-01 08:15:20.256	2026-04-01 08:15:20.329	2026-04-01 08:15:21.965	1.7s	92ms	2	3.9 MB	12.2 MB	256.2 KB	2.4 KB
60	47/fded96	3001188	CALL_SNVS	Cohort_A/l1m7WayG/chrY	COMPLETED	0	2026-04-01 08:15:20.777	2026-04-01 08:15:20.874	2026-04-01 08:15:22.469	1.7s	85ms	2	3.8 MB	12.2 MB	256.2 KB	2.4 KB
74	ad/6b7ede	3001539	CALL_SNVS	Cohort_A/flwxQ4S6/chr14	COMPLETED	0	2026-04-01 08:15:21.592	2026-04-01 08:15:21.689	2026-04-01 08:15:23.348	1.8s	109ms	2	3.9 MB	12.2 MB	441.4 KB	2.4 KB
61	e1/dd3b41	3001434	CALL_SNVS	Cohort_A/flwxQ4S6/chr1	COMPLETED	0	2026-04-01 08:15:21.494	2026-04-01 08:15:21.581	2026-04-01 08:15:23.363	1.9s	137ms	2	3.8 MB	12.2 MB	631.5 KB	68.2 KB
62	aa/57fc14	3001691	CALL_SNVS	Cohort_A/flwxQ4S6/chr2	COMPLETED	0	2026-04-01 08:15:21.973	2026-04-01 08:15:22.065	2026-04-01 08:15:23.755	1.8s	165ms	2	18.5 MB	2.5 GB	594.7 KB	73.4 KB
63	9c/7356c6	3001884	CALL_SNVS	Cohort_A/flwxQ4S6/chr3	COMPLETED	0	2026-04-01 08:15:22.474	2026-04-01 08:15:22.569	2026-04-01 08:15:24.254	1.8s	192ms	2	18.5 MB	2.5 GB	532.2 KB	57.2 KB
64	d9/fa5cd1	3002218	CALL_SNVS	Cohort_A/flwxQ4S6/chr4	COMPLETED	0	2026-04-01 08:15:23.353	2026-04-01 08:15:23.364	2026-04-01 08:15:25.022	1.7s	85ms	2	0	0	441.4 KB	2.4 KB
80	bd/668c12	3002233	CALL_SNVS	Cohort_A/flwxQ4S6/chr20	COMPLETED	0	2026-04-01 08:15:23.367	2026-04-01 08:15:23.464	2026-04-01 08:15:25.034	1.7s	86ms	2	3.9 MB	12.2 MB	439.6 KB	2.4 KB
67	ce/8cf4b6	3002387	CALL_SNVS	Cohort_A/flwxQ4S6/chr7	COMPLETED	0	2026-04-01 08:15:23.759	2026-04-01 08:15:23.855	2026-04-01 08:15:25.532	1.8s	104ms	2	3.8 MB	12.2 MB	441.4 KB	2.4 KB
65	ea/52b0ac	3002581	CALL_SNVS	Cohort_A/flwxQ4S6/chr5	COMPLETED	0	2026-04-01 08:15:24.258	2026-04-01 08:15:24.354	2026-04-01 08:15:26.122	1.9s	99ms	2	3.9 MB	12.2 MB	441.4 KB	2.4 KB
69	c0/35a505	3002873	CALL_SNVS	Cohort_A/flwxQ4S6/chr9	COMPLETED	0	2026-04-01 08:15:25.026	2026-04-01 08:15:25.035	2026-04-01 08:15:26.751	1.7s	113ms	2	3.9 MB	12.2 MB	441.4 KB	2.4 KB
68	10/a82926	3002887	CALL_SNVS	Cohort_A/flwxQ4S6/chr8	COMPLETED	0	2026-04-01 08:15:25.039	2026-04-01 08:15:25.134	2026-04-01 08:15:26.763	1.7s	89ms	2	3.9 MB	12.2 MB	441.4 KB	2.4 KB
70	0a/734640	3003060	CALL_SNVS	Cohort_A/flwxQ4S6/chr10	COMPLETED	0	2026-04-01 08:15:25.536	2026-04-01 08:15:25.633	2026-04-01 08:15:27.313	1.8s	96ms	2	3.9 MB	12.2 MB	441.4 KB	2.4 KB
73	6a/b12eb6	3003256	CALL_SNVS	Cohort_A/flwxQ4S6/chr13	COMPLETED	0	2026-04-01 08:15:26.126	2026-04-01 08:15:26.222	2026-04-01 08:15:27.884	1.8s	87ms	2	3.8 MB	12.2 MB	441.4 KB	2.4 KB
75	fd/7f7eca	3003578	CALL_SNVS	Cohort_A/flwxQ4S6/chr15	COMPLETED	0	2026-04-01 08:15:26.766	2026-04-01 08:15:26.863	2026-04-01 08:15:28.485	1.7s	96ms	2	3.8 MB	12.2 MB	441.4 KB	2.4 KB
72	5a/43de5c	3003568	CALL_SNVS	Cohort_A/flwxQ4S6/chr12	COMPLETED	0	2026-04-01 08:15:26.755	2026-04-01 08:15:26.763	2026-04-01 08:15:28.585	1.8s	98ms	2	3.9 MB	12.2 MB	441.4 KB	2.4 KB
76	59/d5b1d3	3003757	CALL_SNVS	Cohort_A/flwxQ4S6/chr16	COMPLETED	0	2026-04-01 08:15:27.316	2026-04-01 08:15:27.414	2026-04-01 08:15:29.158	1.8s	149ms	2	17.8 MB	2.5 GB	441.4 KB	2.4 KB
77	46/4c0201	3003950	CALL_SNVS	Cohort_A/flwxQ4S6/chr17	COMPLETED	0	2026-04-01 08:15:27.888	2026-04-01 08:15:27.985	2026-04-01 08:15:29.593	1.7s	104ms	2	3.8 MB	12.2 MB	441.4 KB	2.4 KB
78	53/7cf23a	3004245	CALL_SNVS	Cohort_A/flwxQ4S6/chr18	COMPLETED	0	2026-04-01 08:15:28.489	2026-04-01 08:15:28.586	2026-04-01 08:15:30.193	1.7s	89ms	2	3.8 MB	12.2 MB	441.4 KB	2.4 KB
79	3e/ceef50	3004250	CALL_SNVS	Cohort_A/flwxQ4S6/chr19	COMPLETED	0	2026-04-01 08:15:28.593	2026-04-01 08:15:28.686	2026-04-01 08:15:30.209	1.6s	81ms	2	3.9 MB	12.2 MB	439.6 KB	2.4 KB
81	9d/cbb013	3004426	CALL_SNVS	Cohort_A/flwxQ4S6/chr21	COMPLETED	0	2026-04-01 08:15:29.162	2026-04-01 08:15:29.258	2026-04-01 08:15:30.877	1.7s	92ms	2	3.8 MB	12.2 MB	441.4 KB	2.4 KB
82	e8/cfd648	3004622	CALL_SNVS	Cohort_A/flwxQ4S6/chr22	COMPLETED	0	2026-04-01 08:15:29.597	2026-04-01 08:15:29.693	2026-04-01 08:15:31.360	1.8s	81ms	2	3.8 MB	12.2 MB	441.4 KB	2.4 KB
94	e8/d1df27	3004931	CALL_SNVS	Cohort_B/p0vXFG9j/chr10	COMPLETED	0	2026-04-01 08:15:30.197	2026-04-01 08:15:30.209	2026-04-01 08:15:31.916	1.7s	108ms	2	3.8 MB	12.2 MB	441 KB	2.4 KB
84	31/967bf3	3004949	CALL_SNVS	Cohort_A/flwxQ4S6/chrY	COMPLETED	0	2026-04-01 08:15:30.212	2026-04-01 08:15:30.309	2026-04-01 08:15:31.947	1.7s	83ms	2	3.9 MB	12.2 MB	439.6 KB	2.4 KB
83	61/aa954e	3005130	CALL_SNVS	Cohort_A/flwxQ4S6/chrX	COMPLETED	0	2026-04-01 08:15:30.880	2026-04-01 08:15:30.977	2026-04-01 08:15:32.563	1.7s	106ms	2	3.9 MB	12.2 MB	441.4 KB	2.4 KB
85	bd/e67cd5	3005319	CALL_SNVS	Cohort_B/p0vXFG9j/chr1	COMPLETED	0	2026-04-01 08:15:31.364	2026-04-01 08:15:31.460	2026-04-01 08:15:33.186	1.8s	152ms	2	18.7 MB	2.5 GB	629.5 KB	65.8 KB
88	e3/6f2cc1	3005643	CALL_SNVS	Cohort_B/p0vXFG9j/chr4	COMPLETED	0	2026-04-01 08:15:31.951	2026-04-01 08:15:32.048	2026-04-01 08:15:33.685	1.7s	103ms	2	3.9 MB	12.2 MB	440.9 KB	2.4 KB
86	dd/adc00d	3005603	CALL_SNVS	Cohort_B/p0vXFG9j/chr2	COMPLETED	0	2026-04-01 08:15:31.920	2026-04-01 08:15:31.947	2026-04-01 08:15:33.692	1.8s	124ms	2	3.8 MB	12.2 MB	593.2 KB	70.6 KB
87	18/79dad1	3005818	CALL_SNVS	Cohort_B/p0vXFG9j/chr3	COMPLETED	0	2026-04-01 08:15:32.566	2026-04-01 08:15:32.663	2026-04-01 08:15:34.338	1.8s	125ms	2	3.8 MB	12.2 MB	536.5 KB	63.5 KB
89	c3/d87e51	3006014	CALL_SNVS	Cohort_B/p0vXFG9j/chr5	COMPLETED	0	2026-04-01 08:15:33.189	2026-04-01 08:15:33.286	2026-04-01 08:15:34.982	1.8s	148ms	2	17.8 MB	2.5 GB	440.9 KB	2.4 KB
90	fb/463864	3006329	CALL_SNVS	Cohort_B/p0vXFG9j/chr6	COMPLETED	0	2026-04-01 08:15:33.690	2026-04-01 08:15:33.692	2026-04-01 08:15:35.379	1.7s	89ms	2	3.8 MB	12.2 MB	440.9 KB	2.4 KB
187	fd/d7677f	3006330	FILTER_SNVS	Cohort_A/l1m7WayG/chr4	COMPLETED	0	2026-04-01 08:15:33.695	2026-04-01 08:15:33.793	2026-04-01 08:15:35.406	1.7s	69ms	2	3.8 MB	12.2 MB	160 KB	2.4 KB
91	cf/5b218c	3006514	CALL_SNVS	Cohort_B/p0vXFG9j/chr7	COMPLETED	0	2026-04-01 08:15:34.343	2026-04-01 08:15:34.438	2026-04-01 08:15:36.014	1.7s	106ms	2	3.8 MB	12.2 MB	440.9 KB	2.4 KB
93	c3/944aa9	3006707	CALL_SNVS	Cohort_B/p0vXFG9j/chr9	COMPLETED	0	2026-04-01 08:15:34.988	2026-04-01 08:15:35.082	2026-04-01 08:15:36.732	1.7s	77ms	2	3.9 MB	12.2 MB	440.9 KB	2.4 KB
96	b0/4a707e	3007029	CALL_SNVS	Cohort_B/p0vXFG9j/chr12	COMPLETED	0	2026-04-01 08:15:35.410	2026-04-01 08:15:35.507	2026-04-01 08:15:37.151	1.7s	103ms	2	3.8 MB	12.2 MB	441 KB	2.4 KB
92	0f/a5b53a	3006989	CALL_SNVS	Cohort_B/p0vXFG9j/chr8	COMPLETED	0	2026-04-01 08:15:35.382	2026-04-01 08:15:35.407	2026-04-01 08:15:37.161	1.8s	108ms	2	3.9 MB	12.2 MB	440.9 KB	2.4 KB
95	42/d30140	3007206	CALL_SNVS	Cohort_B/p0vXFG9j/chr11	COMPLETED	0	2026-04-01 08:15:36.017	2026-04-01 08:15:36.114	2026-04-01 08:15:37.704	1.7s	92ms	2	3.8 MB	12.2 MB	439.2 KB	2.4 KB
98	4d/28c6ec	3007404	CALL_SNVS	Cohort_B/p0vXFG9j/chr14	COMPLETED	0	2026-04-01 08:15:36.737	2026-04-01 08:15:36.832	2026-04-01 08:15:38.467	1.7s	92ms	2	3.8 MB	12.2 MB	441 KB	2.4 KB
99	49/250e68	3007686	CALL_SNVS	Cohort_B/p0vXFG9j/chr15	COMPLETED	0	2026-04-01 08:15:37.156	2026-04-01 08:15:37.161	2026-04-01 08:15:38.894	1.7s	125ms	2	3.8 MB	12.2 MB	439.2 KB	2.4 KB
97	34/6942c2	3007696	CALL_SNVS	Cohort_B/p0vXFG9j/chr13	COMPLETED	0	2026-04-01 08:15:37.164	2026-04-01 08:15:37.261	2026-04-01 08:15:38.908	1.7s	112ms	2	3.8 MB	12.2 MB	439.2 KB	2.4 KB
109	e8/a918d6	3007872	CALL_SNVS	Cohort_B/y9NrF4aH/chr1	COMPLETED	0	2026-04-01 08:15:37.708	2026-04-01 08:15:37.805	2026-04-01 08:15:39.440	1.7s	135ms	2	3.9 MB	12.2 MB	527.6 KB	58.4 KB
100	dd/64c597	3008087	CALL_SNVS	Cohort_B/p0vXFG9j/chr16	COMPLETED	0	2026-04-01 08:15:38.471	2026-04-01 08:15:38.567	2026-04-01 08:15:40.279	1.8s	95ms	2	3.8 MB	12.2 MB	440.9 KB	2.4 KB
101	bf/8c77be	3008376	CALL_SNVS	Cohort_B/p0vXFG9j/chr17	COMPLETED	0	2026-04-01 08:15:38.897	2026-04-01 08:15:38.908	2026-04-01 08:15:40.590	1.7s	97ms	2	3.9 MB	12.2 MB	441 KB	2.4 KB
104	83/1822e4	3008390	CALL_SNVS	Cohort_B/p0vXFG9j/chr20	COMPLETED	0	2026-04-01 08:15:38.911	2026-04-01 08:15:39.008	2026-04-01 08:15:40.595	1.7s	75ms	2	3.8 MB	12.2 MB	441 KB	2.4 KB
113	54/276fe8	3008564	CALL_SNVS	Cohort_B/y9NrF4aH/chr5	COMPLETED	0	2026-04-01 08:15:39.443	2026-04-01 08:15:39.540	2026-04-01 08:15:41.071	1.6s	94ms	2	3.9 MB	12.2 MB	386.6 KB	2.4 KB
103	b8/e04219	3008789	CALL_SNVS	Cohort_B/p0vXFG9j/chr19	COMPLETED	0	2026-04-01 08:15:40.283	2026-04-01 08:15:40.378	2026-04-01 08:15:42.002	1.7s	114ms	2	3.9 MB	12.2 MB	440.9 KB	2.4 KB
106	33/e76ce0	3009065	CALL_SNVS	Cohort_B/p0vXFG9j/chr22	COMPLETED	0	2026-04-01 08:15:40.599	2026-04-01 08:15:40.695	2026-04-01 08:15:42.315	1.7s	142ms	2	17.5 MB	2.5 GB	441 KB	2.4 KB
102	74/b4dadd	3009060	CALL_SNVS	Cohort_B/p0vXFG9j/chr18	COMPLETED	0	2026-04-01 08:15:40.593	2026-04-01 08:15:40.595	2026-04-01 08:15:42.335	1.7s	79ms	2	3.9 MB	12.2 MB	441 KB	2.4 KB
105	8b/7d7d9d	3009241	CALL_SNVS	Cohort_B/p0vXFG9j/chr21	COMPLETED	0	2026-04-01 08:15:41.075	2026-04-01 08:15:41.171	2026-04-01 08:15:42.777	1.7s	94ms	2	3.9 MB	12.2 MB	441 KB	2.4 KB
107	b2/664ebe	3009459	CALL_SNVS	Cohort_B/p0vXFG9j/chrX	COMPLETED	0	2026-04-01 08:15:42.006	2026-04-01 08:15:42.102	2026-04-01 08:15:43.794	1.8s	95ms	2	3.8 MB	12.2 MB	440.9 KB	2.4 KB
110	27/97ba89	3009759	CALL_SNVS	Cohort_B/y9NrF4aH/chr2	COMPLETED	0	2026-04-01 08:15:42.340	2026-04-01 08:15:42.436	2026-04-01 08:15:43.978	1.6s	147ms	2	3.9 MB	12.2 MB	490.2 KB	61.9 KB
108	22/af255c	3009739	CALL_SNVS	Cohort_B/p0vXFG9j/chrY	COMPLETED	0	2026-04-01 08:15:42.319	2026-04-01 08:15:42.335	2026-04-01 08:15:43.999	1.7s	79ms	2	3.9 MB	12.2 MB	440.9 KB	2.4 KB
112	93/0fbe80	3009914	CALL_SNVS	Cohort_B/y9NrF4aH/chr4	COMPLETED	0	2026-04-01 08:15:42.780	2026-04-01 08:15:42.877	2026-04-01 08:15:44.575	1.8s	82ms	2	3.9 MB	12.2 MB	386.6 KB	2.4 KB
111	78/c29796	3010170	CALL_SNVS	Cohort_B/y9NrF4aH/chr3	COMPLETED	0	2026-04-01 08:15:43.798	2026-04-01 08:15:43.895	2026-04-01 08:15:45.550	1.8s	119ms	2	3.7 MB	12.2 MB	426.4 KB	22.6 KB
123	e6/b100dc	3010451	CALL_SNVS	Cohort_B/y9NrF4aH/chr15	COMPLETED	0	2026-04-01 08:15:44.002	2026-04-01 08:15:44.099	2026-04-01 08:15:45.694	1.7s	83ms	2	3.8 MB	12.2 MB	386.6 KB	2.4 KB
116	37/8272fa	3010421	CALL_SNVS	Cohort_B/y9NrF4aH/chr8	COMPLETED	0	2026-04-01 08:15:43.982	2026-04-01 08:15:43.999	2026-04-01 08:15:45.742	1.8s	78ms	2	3.8 MB	12.2 MB	384.8 KB	2.4 KB
114	4e/18c71c	3010609	CALL_SNVS	Cohort_B/y9NrF4aH/chr6	COMPLETED	0	2026-04-01 08:15:44.579	2026-04-01 08:15:44.676	2026-04-01 08:15:46.248	1.7s	94ms	2	3.9 MB	12.2 MB	386.6 KB	2.4 KB
117	ba/c79012	3010869	CALL_SNVS	Cohort_B/y9NrF4aH/chr9	COMPLETED	0	2026-04-01 08:15:45.554	2026-04-01 08:15:45.651	2026-04-01 08:15:47.265	1.7s	97ms	2	3.9 MB	12.2 MB	386.6 KB	2.4 KB
115	6e/204ca8	3011069	CALL_SNVS	Cohort_B/y9NrF4aH/chr7	COMPLETED	0	2026-04-01 08:15:45.702	2026-04-01 08:15:45.742	2026-04-01 08:15:47.277	1.6s	92ms	2	3.8 MB	12.2 MB	386.6 KB	2.4 KB
119	3d/f732be	3011146	CALL_SNVS	Cohort_B/y9NrF4aH/chr11	COMPLETED	0	2026-04-01 08:15:45.746	2026-04-01 08:15:45.842	2026-04-01 08:15:47.411	1.7s	98ms	2	3.8 MB	12.2 MB	386.6 KB	2.4 KB
118	a1/105c18	3011304	CALL_SNVS	Cohort_B/y9NrF4aH/chr10	COMPLETED	0	2026-04-01 08:15:46.252	2026-04-01 08:15:46.348	2026-04-01 08:15:48.028	1.8s	175ms	2	17.4 MB	2.5 GB	384.8 KB	2.4 KB
120	96/f193fa	3011681	CALL_SNVS	Cohort_B/y9NrF4aH/chr12	COMPLETED	0	2026-04-01 08:15:47.269	2026-04-01 08:15:47.277	2026-04-01 08:15:49.012	1.7s	84ms	2	3.9 MB	12.2 MB	386.6 KB	2.4 KB
130	4f/b44c4b	3011703	CALL_SNVS	Cohort_B/y9NrF4aH/chr22	COMPLETED	0	2026-04-01 08:15:47.280	2026-04-01 08:15:47.377	2026-04-01 08:15:49.065	1.8s	70ms	2	3.8 MB	12.2 MB	386.6 KB	2.4 KB
122	01/862836	3011839	CALL_SNVS	Cohort_B/y9NrF4aH/chr14	COMPLETED	0	2026-04-01 08:15:47.414	2026-04-01 08:15:47.511	2026-04-01 08:15:49.074	1.7s	71ms	2	3.7 MB	12.2 MB	386.6 KB	2.4 KB
121	4f/19d783	3012014	CALL_SNVS	Cohort_B/y9NrF4aH/chr13	COMPLETED	0	2026-04-01 08:15:48.031	2026-04-01 08:15:48.128	2026-04-01 08:15:49.788	1.8s	77ms	2	3.9 MB	12.2 MB	386.6 KB	2.4 KB
124	92/437caf	3012392	CALL_SNVS	Cohort_B/y9NrF4aH/chr16	COMPLETED	0	2026-04-01 08:15:49.021	2026-04-01 08:15:49.065	2026-04-01 08:15:50.670	1.6s	87ms	2	3.9 MB	12.2 MB	386.6 KB	2.4 KB
127	02/e67a16	3012533	CALL_SNVS	Cohort_B/y9NrF4aH/chr19	COMPLETED	0	2026-04-01 08:15:49.079	2026-04-01 08:15:49.175	2026-04-01 08:15:50.695	1.6s	82ms	2	3.8 MB	12.2 MB	386.6 KB	2.4 KB
125	9f/14da6e	3012520	CALL_SNVS	Cohort_B/y9NrF4aH/chr17	COMPLETED	0	2026-04-01 08:15:49.068	2026-04-01 08:15:49.075	2026-04-01 08:15:50.745	1.7s	86ms	2	3.9 MB	12.2 MB	384.8 KB	2.4 KB
126	ce/8fa215	3012727	CALL_SNVS	Cohort_B/y9NrF4aH/chr18	COMPLETED	0	2026-04-01 08:15:49.805	2026-04-01 08:15:49.888	2026-04-01 08:15:51.466	1.7s	94ms	2	3.8 MB	12.2 MB	386.6 KB	2.4 KB
132	a3/1bc080	3013129	CALL_SNVS	Cohort_B/y9NrF4aH/chrY	COMPLETED	0	2026-04-01 08:15:50.682	2026-04-01 08:15:50.696	2026-04-01 08:15:52.272	1.6s	90ms	2	3.9 MB	12.2 MB	384.8 KB	2.4 KB
135	a9/6b7341	3013153	CALL_SNVS	Cohort_B/TXBZa1Rf/chr3	COMPLETED	0	2026-04-01 08:15:50.705	2026-04-01 08:15:50.745	2026-04-01 08:15:52.309	1.6s	96ms	2	3.9 MB	12.2 MB	268.2 KB	2.4 KB
128	dc/233b9e	3013221	CALL_SNVS	Cohort_B/y9NrF4aH/chr20	COMPLETED	0	2026-04-01 08:15:50.748	2026-04-01 08:15:50.845	2026-04-01 08:15:52.331	1.6s	64ms	2	3.9 MB	12.2 MB	384.8 KB	2.4 KB
133	e7/a804ba	3013435	CALL_SNVS	Cohort_B/TXBZa1Rf/chr1	COMPLETED	0	2026-04-01 08:15:51.471	2026-04-01 08:15:51.567	2026-04-01 08:15:53.122	1.7s	130ms	2	3.9 MB	12.2 MB	363.7 KB	69.3 KB
134	fa/a272f6	3013791	CALL_SNVS	Cohort_B/TXBZa1Rf/chr2	COMPLETED	0	2026-04-01 08:15:52.279	2026-04-01 08:15:52.309	2026-04-01 08:15:54.012	1.7s	81ms	2	3.8 MB	12.2 MB	268.2 KB	2.4 KB
131	6b/e57919	3013884	CALL_SNVS	Cohort_B/y9NrF4aH/chrX	COMPLETED	0	2026-04-01 08:15:52.312	2026-04-01 08:15:52.331	2026-04-01 08:15:54.015	1.7s	98ms	2	3.8 MB	12.2 MB	384.8 KB	2.4 KB
136	6b/1d077d	3013913	CALL_SNVS	Cohort_B/TXBZa1Rf/chr4	COMPLETED	0	2026-04-01 08:15:52.335	2026-04-01 08:15:52.431	2026-04-01 08:15:54.029	1.7s	77ms	2	3.8 MB	12.2 MB	270 KB	2.4 KB
129	b3/694568	3014126	CALL_SNVS	Cohort_B/y9NrF4aH/chr21	COMPLETED	0	2026-04-01 08:15:53.127	2026-04-01 08:15:53.222	2026-04-01 08:15:54.773	1.6s	66ms	2	3.8 MB	12.2 MB	386.6 KB	2.4 KB
139	5d/326e3e	3014607	CALL_SNVS	Cohort_B/TXBZa1Rf/chr7	COMPLETED	0	2026-04-01 08:15:54.032	2026-04-01 08:15:54.129	2026-04-01 08:15:55.723	1.7s	90ms	2	3.9 MB	12.2 MB	270 KB	2.4 KB
137	fd/3ccd5a	3014585	CALL_SNVS	Cohort_B/TXBZa1Rf/chr5	COMPLETED	0	2026-04-01 08:15:54.016	2026-04-01 08:15:54.029	2026-04-01 08:15:55.724	1.7s	100ms	2	3.8 MB	12.2 MB	270 KB	2.4 KB
138	57/3e33c2	3014593	CALL_SNVS	Cohort_B/TXBZa1Rf/chr6	COMPLETED	0	2026-04-01 08:15:54.020	2026-04-01 08:15:54.030	2026-04-01 08:15:55.730	1.7s	104ms	2	3.9 MB	12.2 MB	270 KB	2.4 KB
140	22/05d905	3014777	CALL_SNVS	Cohort_B/TXBZa1Rf/chr8	COMPLETED	0	2026-04-01 08:15:54.777	2026-04-01 08:15:54.873	2026-04-01 08:15:56.538	1.8s	98ms	2	16.6 MB	2.4 GB	270 KB	2.4 KB
142	7e/d67d2e	3015264	CALL_SNVS	Cohort_B/TXBZa1Rf/chr10	COMPLETED	0	2026-04-01 08:15:55.731	2026-04-01 08:15:55.830	2026-04-01 08:15:57.355	1.6s	98ms	2	3.9 MB	12.2 MB	270 KB	2.4 KB
143	08/b27f6c	3015268	CALL_SNVS	Cohort_B/TXBZa1Rf/chr11	COMPLETED	0	2026-04-01 08:15:55.734	2026-04-01 08:15:55.831	2026-04-01 08:15:57.386	1.7s	65ms	2	3.9 MB	12.2 MB	270 KB	2.4 KB
141	22/228012	3015258	CALL_SNVS	Cohort_B/TXBZa1Rf/chr9	COMPLETED	0	2026-04-01 08:15:55.727	2026-04-01 08:15:55.730	2026-04-01 08:15:57.401	1.7s	72ms	2	3.9 MB	12.2 MB	270 KB	2.4 KB
144	d7/f75d2b	3015521	CALL_SNVS	Cohort_B/TXBZa1Rf/chr12	COMPLETED	0	2026-04-01 08:15:56.542	2026-04-01 08:15:56.638	2026-04-01 08:15:58.175	1.6s	92ms	2	3.9 MB	12.2 MB	270 KB	2.4 KB
147	be/c86012	3016003	CALL_SNVS	Cohort_B/TXBZa1Rf/chr15	COMPLETED	0	2026-04-01 08:15:57.405	2026-04-01 08:15:57.501	2026-04-01 08:15:59.005	1.6s	101ms	2	3.9 MB	12.2 MB	268.3 KB	2.4 KB
145	ce/381708	3015892	CALL_SNVS	Cohort_B/TXBZa1Rf/chr13	COMPLETED	0	2026-04-01 08:15:57.359	2026-04-01 08:15:57.387	2026-04-01 08:15:59.032	1.7s	83ms	2	3.8 MB	12.2 MB	270 KB	2.4 KB
146	70/736f8b	3015987	CALL_SNVS	Cohort_B/TXBZa1Rf/chr14	COMPLETED	0	2026-04-01 08:15:57.390	2026-04-01 08:15:57.402	2026-04-01 08:15:59.055	1.7s	58ms	2	3.8 MB	12.2 MB	270 KB	2.4 KB
148	8d/9ad7fe	3016214	CALL_SNVS	Cohort_B/TXBZa1Rf/chr16	COMPLETED	0	2026-04-01 08:15:58.178	2026-04-01 08:15:58.275	2026-04-01 08:15:59.820	1.6s	82ms	2	3.8 MB	12.2 MB	270 KB	2.4 KB
149	13/9a81e5	3016593	CALL_SNVS	Cohort_B/TXBZa1Rf/chr17	COMPLETED	0	2026-04-01 08:15:59.010	2026-04-01 08:15:59.032	2026-04-01 08:16:00.729	1.7s	99ms	2	3.8 MB	12.2 MB	270 KB	2.4 KB
152	cf/f3bc0f	3016668	CALL_SNVS	Cohort_B/TXBZa1Rf/chr20	COMPLETED	0	2026-04-01 08:15:59.035	2026-04-01 08:15:59.056	2026-04-01 08:16:00.735	1.7s	89ms	2	3.9 MB	12.2 MB	266.5 KB	2.4 KB
150	c8/14a6c1	3016693	CALL_SNVS	Cohort_B/TXBZa1Rf/chr18	COMPLETED	0	2026-04-01 08:15:59.059	2026-04-01 08:15:59.155	2026-04-01 08:16:00.744	1.7s	88ms	2	3.8 MB	12.2 MB	270 KB	2.4 KB
151	a3/22b8ce	3016907	CALL_SNVS	Cohort_B/TXBZa1Rf/chr19	COMPLETED	0	2026-04-01 08:15:59.824	2026-04-01 08:15:59.921	2026-04-01 08:16:01.577	1.8s	83ms	2	3.8 MB	12.2 MB	270 KB	2.4 KB
155	9d/4831a8	3017349	CALL_SNVS	Cohort_B/TXBZa1Rf/chrX	COMPLETED	0	2026-04-01 08:16:00.738	2026-04-01 08:16:00.744	2026-04-01 08:16:02.350	1.6s	96ms	2	3.8 MB	12.2 MB	270 KB	2.4 KB
153	f6/a38ecb	3017340	CALL_SNVS	Cohort_B/TXBZa1Rf/chr21	COMPLETED	0	2026-04-01 08:16:00.733	2026-04-01 08:16:00.735	2026-04-01 08:16:02.363	1.6s	84ms	2	3.8 MB	12.2 MB	268.2 KB	2.4 KB
154	92/981325	3017359	CALL_SNVS	Cohort_B/TXBZa1Rf/chr22	COMPLETED	0	2026-04-01 08:16:00.747	2026-04-01 08:16:00.844	2026-04-01 08:16:02.452	1.7s	61ms	2	3.9 MB	12.2 MB	270 KB	2.4 KB
156	35/290d96	3017575	CALL_SNVS	Cohort_B/TXBZa1Rf/chrY	COMPLETED	0	2026-04-01 08:16:01.582	2026-04-01 08:16:01.677	2026-04-01 08:16:03.232	1.7s	77ms	2	3.9 MB	12.2 MB	270 KB	2.4 KB
157	e2/c6be04	3017907	FILTER_SNVS	Cohort_A/6iegzyVR/chr13	COMPLETED	0	2026-04-01 08:16:02.354	2026-04-01 08:16:02.364	2026-04-01 08:16:03.971	1.6s	118ms	2	3.8 MB	12.2 MB	161.8 KB	2.4 KB
158	bb/352e5f	3017932	FILTER_SNVS	Cohort_A/6iegzyVR/chr1	COMPLETED	0	2026-04-01 08:16:02.367	2026-04-01 08:16:02.453	2026-04-01 08:16:03.971	1.6s	138ms	2	3.9 MB	12.2 MB	202.6 KB	15.8 KB
159	c9/0a0a78	3018056	FILTER_SNVS	Cohort_A/6iegzyVR/chr4	COMPLETED	0	2026-04-01 08:16:02.456	2026-04-01 08:16:02.552	2026-04-01 08:16:04.042	1.6s	53ms	2	3.8 MB	12.2 MB	161.8 KB	2.4 KB
160	af/52be8d	3018275	FILTER_SNVS	Cohort_A/6iegzyVR/chr3	COMPLETED	0	2026-04-01 08:16:03.235	2026-04-01 08:16:03.332	2026-04-01 08:16:04.939	1.7s	114ms	2	3.9 MB	12.2 MB	200 KB	13.1 KB
162	c2/efdabd	3018630	FILTER_SNVS	Cohort_A/6iegzyVR/chr11	COMPLETED	0	2026-04-01 08:16:03.975	2026-04-01 08:16:04.043	2026-04-01 08:16:05.655	1.7s	108ms	2	3.8 MB	12.2 MB	161.8 KB	2.4 KB
163	72/16f333	3018739	FILTER_SNVS	Cohort_A/6iegzyVR/chr14	COMPLETED	0	2026-04-01 08:16:04.045	2026-04-01 08:16:04.142	2026-04-01 08:16:05.668	1.6s	120ms	2	3.9 MB	12.2 MB	158.2 KB	2.4 KB
161	d4/e6e7af	3018631	FILTER_SNVS	Cohort_A/6iegzyVR/chr6	COMPLETED	0	2026-04-01 08:16:03.978	2026-04-01 08:16:04.043	2026-04-01 08:16:05.670	1.7s	120ms	2	3.9 MB	12.2 MB	161.8 KB	2.4 KB
164	54/293775	3018958	FILTER_SNVS	Cohort_A/6iegzyVR/chr9	COMPLETED	0	2026-04-01 08:16:04.942	2026-04-01 08:16:05.039	2026-04-01 08:16:06.705	1.8s	75ms	2	3.8 MB	12.2 MB	161.8 KB	2.4 KB
166	1b/dcf438	3019368	FILTER_SNVS	Cohort_A/6iegzyVR/chr12	COMPLETED	0	2026-04-01 08:16:05.671	2026-04-01 08:16:05.770	2026-04-01 08:16:07.355	1.7s	122ms	2	3.8 MB	12.2 MB	160 KB	2.4 KB
167	d5/446d9a	3019369	FILTER_SNVS	Cohort_A/6iegzyVR/chr8	COMPLETED	0	2026-04-01 08:16:05.675	2026-04-01 08:16:05.772	2026-04-01 08:16:07.355	1.7s	121ms	2	3.8 MB	12.2 MB	160 KB	2.4 KB
165	8d/61709f	3019345	FILTER_SNVS	Cohort_A/6iegzyVR/chr10	COMPLETED	0	2026-04-01 08:16:05.659	2026-04-01 08:16:05.668	2026-04-01 08:16:07.382	1.7s	65ms	2	0	0	160 KB	2.4 KB
168	74/dde99a	3019611	FILTER_SNVS	Cohort_A/6iegzyVR/chr2	COMPLETED	0	2026-04-01 08:16:06.710	2026-04-01 08:16:06.806	2026-04-01 08:16:08.478	1.8s	170ms	2	15.1 MB	2.4 GB	207.4 KB	16 KB
170	1c/3159a8	3019989	FILTER_SNVS	Cohort_A/6iegzyVR/chr15	COMPLETED	0	2026-04-01 08:16:07.363	2026-04-01 08:16:07.383	2026-04-01 08:16:08.977	1.6s	94ms	2	0	0	160 KB	2.4 KB
169	67/3cb267	3019979	FILTER_SNVS	Cohort_A/6iegzyVR/chr7	COMPLETED	0	2026-04-01 08:16:07.358	2026-04-01 08:16:07.383	2026-04-01 08:16:08.984	1.6s	116ms	2	3.9 MB	12.2 MB	161.8 KB	2.4 KB
171	7c/ab6d35	3020029	FILTER_SNVS	Cohort_A/6iegzyVR/chr5	COMPLETED	0	2026-04-01 08:16:07.386	2026-04-01 08:16:07.482	2026-04-01 08:16:08.988	1.6s	120ms	2	3.8 MB	12.2 MB	161.8 KB	2.4 KB
174	99/84552a	3020266	FILTER_SNVS	Cohort_A/6iegzyVR/chr16	COMPLETED	0	2026-04-01 08:16:08.482	2026-04-01 08:16:08.578	2026-04-01 08:16:10.148	1.7s	68ms	2	3.8 MB	12.2 MB	161.8 KB	2.4 KB
177	80/70bdb9	3020680	FILTER_SNVS	Cohort_A/6iegzyVR/chr19	COMPLETED	0	2026-04-01 08:16:08.991	2026-04-01 08:16:09.089	2026-04-01 08:16:10.629	1.6s	92ms	2	3.9 MB	12.2 MB	161.8 KB	2.4 KB
175	01/8d44da	3020664	FILTER_SNVS	Cohort_A/6iegzyVR/chr17	COMPLETED	0	2026-04-01 08:16:08.981	2026-04-01 08:16:08.984	2026-04-01 08:16:10.647	1.7s	88ms	2	3.8 MB	12.2 MB	161.8 KB	2.4 KB
176	34/b3de5a	3020678	FILTER_SNVS	Cohort_A/6iegzyVR/chr18	COMPLETED	0	2026-04-01 08:16:08.987	2026-04-01 08:16:09.088	2026-04-01 08:16:10.680	1.7s	53ms	2	3.9 MB	12.2 MB	161.8 KB	2.4 KB
178	f2/29bd00	3020919	FILTER_SNVS	Cohort_A/6iegzyVR/chr20	COMPLETED	0	2026-04-01 08:16:10.151	2026-04-01 08:16:10.249	2026-04-01 08:16:11.802	1.7s	82ms	2	3.9 MB	12.2 MB	161.8 KB	2.4 KB
179	49/091394	3021283	FILTER_SNVS	Cohort_A/6iegzyVR/chr21	COMPLETED	0	2026-04-01 08:16:10.633	2026-04-01 08:16:10.647	2026-04-01 08:16:12.389	1.8s	66ms	2	0	0	160 KB	2.4 KB
180	51/db3ed4	3021320	FILTER_SNVS	Cohort_A/l1m7WayG/chr10	COMPLETED	0	2026-04-01 08:16:10.650	2026-04-01 08:16:10.680	2026-04-01 08:16:12.404	1.8s	74ms	2	3.9 MB	12.2 MB	161.8 KB	2.4 KB
181	17/5cf59b	3021362	FILTER_SNVS	Cohort_A/6iegzyVR/chr22	COMPLETED	0	2026-04-01 08:16:10.684	2026-04-01 08:16:10.780	2026-04-01 08:16:12.438	1.8s	60ms	2	3.8 MB	12.2 MB	161.8 KB	2.4 KB
182	3b/de302e	3021599	FILTER_SNVS	Cohort_A/6iegzyVR/chrX	COMPLETED	0	2026-04-01 08:16:11.805	2026-04-01 08:16:11.902	2026-04-01 08:16:13.496	1.7s	82ms	2	3.9 MB	12.2 MB	160 KB	2.4 KB
183	ac/7db633	3021949	FILTER_SNVS	Cohort_A/6iegzyVR/chrY	COMPLETED	0	2026-04-01 08:16:12.401	2026-04-01 08:16:12.404	2026-04-01 08:16:14.066	1.7s	111ms	2	3.9 MB	12.2 MB	161.8 KB	2.4 KB
184	de/35f693	3021965	FILTER_SNVS	Cohort_A/l1m7WayG/chr1	COMPLETED	0	2026-04-01 08:16:12.408	2026-04-01 08:16:12.438	2026-04-01 08:16:14.097	1.7s	101ms	2	3.8 MB	12.2 MB	227.6 KB	47.3 KB
185	82/fe02c5	3022016	FILTER_SNVS	Cohort_A/l1m7WayG/chr2	COMPLETED	0	2026-04-01 08:16:12.443	2026-04-01 08:16:12.538	2026-04-01 08:16:14.182	1.7s	66ms	2	3.9 MB	12.2 MB	158.2 KB	2.4 KB
186	47/a8d611	3022254	FILTER_SNVS	Cohort_A/l1m7WayG/chr3	COMPLETED	0	2026-04-01 08:16:13.500	2026-04-01 08:16:13.596	2026-04-01 08:16:15.167	1.7s	79ms	2	3.8 MB	12.2 MB	161.8 KB	2.4 KB
188	37/9fe6fa	3022506	FILTER_SNVS	Cohort_A/l1m7WayG/chr5	COMPLETED	0	2026-04-01 08:16:14.070	2026-04-01 08:16:14.098	2026-04-01 08:16:15.769	1.7s	94ms	2	3.8 MB	12.2 MB	161.8 KB	2.4 KB
189	c8/ef6f47	3022592	FILTER_SNVS	Cohort_A/l1m7WayG/chr6	COMPLETED	0	2026-04-01 08:16:14.101	2026-04-01 08:16:14.182	2026-04-01 08:16:15.775	1.7s	64ms	2	0	0	158.2 KB	2.4 KB
190	72/d600df	3022698	FILTER_SNVS	Cohort_A/l1m7WayG/chr7	COMPLETED	0	2026-04-01 08:16:14.185	2026-04-01 08:16:14.282	2026-04-01 08:16:15.809	1.6s	65ms	2	3.9 MB	12.2 MB	161.8 KB	2.4 KB
191	3d/b0b6f4	3022911	FILTER_SNVS	Cohort_A/l1m7WayG/chr8	COMPLETED	0	2026-04-01 08:16:15.170	2026-04-01 08:16:15.266	2026-04-01 08:16:16.866	1.7s	75ms	2	3.9 MB	12.2 MB	161.8 KB	2.4 KB
192	30/b18304	3023268	FILTER_SNVS	Cohort_A/l1m7WayG/chr9	COMPLETED	0	2026-04-01 08:16:15.773	2026-04-01 08:16:15.775	2026-04-01 08:16:17.434	1.7s	89ms	2	3.9 MB	12.2 MB	161.8 KB	2.4 KB
11	eb/4f3c7d	3023323	CALL_CNVS	Cohort_B/y9NrF4aH	COMPLETED	0	2026-04-01 08:16:15.814	2026-04-01 08:16:15.908	2026-04-01 08:16:17.931	2.1s	552ms	4	3.8 MB	12.2 MB	24.6 MB	281.9 KB
193	1e/3b09a0	3023540	FILTER_SNVS	Cohort_A/l1m7WayG/chr12	COMPLETED	0	2026-04-01 08:16:16.870	2026-04-01 08:16:16.967	2026-04-01 08:16:18.658	1.8s	119ms	2	3.8 MB	12.2 MB	161.8 KB	2.4 KB
194	41/00e253	3023817	FILTER_SNVS	Cohort_A/l1m7WayG/chr11	COMPLETED	0	2026-04-01 08:16:17.438	2026-04-01 08:16:17.535	2026-04-01 08:16:19.102	1.7s	68ms	2	3.9 MB	12.2 MB	161.8 KB	2.4 KB
195	ea/2c4d97	3024092	FILTER_SNVS	Cohort_A/l1m7WayG/chr13	COMPLETED	0	2026-04-01 08:16:18.662	2026-04-01 08:16:18.759	2026-04-01 08:16:20.275	1.6s	141ms	2	14.6 MB	2.4 GB	161.8 KB	2.4 KB
196	66/9cf4a8	3024245	FILTER_SNVS	Cohort_A/l1m7WayG/chr14	COMPLETED	0	2026-04-01 08:16:19.108	2026-04-01 08:16:19.202	2026-04-01 08:16:20.694	1.6s	78ms	2	3.9 MB	12.2 MB	160 KB	2.4 KB
197	29/3026fe	3024558	FILTER_SNVS	Cohort_A/l1m7WayG/chr15	COMPLETED	0	2026-04-01 08:16:20.279	2026-04-01 08:16:20.376	2026-04-01 08:16:21.937	1.7s	99ms	2	3.8 MB	12.2 MB	161.8 KB	2.4 KB
172	01/9ed63d	3023905	MULTIQC	Cohort_B	COMPLETED	0	2026-04-01 08:16:17.935	2026-04-01 08:16:18.031	2026-04-01 08:16:22.095	4.2s	2.6s	4	209.5 MB	6.1 GB	40.3 MB	7.9 MB
198	45/507185	3024753	FILTER_SNVS	Cohort_A/l1m7WayG/chr17	COMPLETED	0	2026-04-01 08:16:20.700	2026-04-01 08:16:20.794	2026-04-01 08:16:22.310	1.6s	77ms	2	3.8 MB	12.2 MB	161.8 KB	2.4 KB
199	64/7093d4	3025053	FILTER_SNVS	Cohort_A/l1m7WayG/chr16	COMPLETED	0	2026-04-01 08:16:21.941	2026-04-01 08:16:22.037	2026-04-01 08:16:23.655	1.7s	92ms	2	3.7 MB	12.2 MB	160 KB	2.4 KB
200	4f/2e18a6	3025223	FILTER_SNVS	Cohort_A/flwxQ4S6/chr6	COMPLETED	0	2026-04-01 08:16:22.313	2026-04-01 08:16:22.410	2026-04-01 08:16:23.999	1.7s	100ms	2	3.9 MB	12.2 MB	161.8 KB	2.4 KB
201	de/877ad2	3025488	FILTER_SNVS	Cohort_A/l1m7WayG/chr18	COMPLETED	0	2026-04-01 08:16:23.661	2026-04-01 08:16:23.755	2026-04-01 08:16:25.286	1.6s	76ms	2	3.8 MB	12.2 MB	161.8 KB	2.4 KB
202	ef/78273c	3025702	FILTER_SNVS	Cohort_A/l1m7WayG/chr19	COMPLETED	0	2026-04-01 08:16:24.002	2026-04-01 08:16:24.099	2026-04-01 08:16:25.619	1.6s	70ms	2	3.9 MB	12.2 MB	161.8 KB	2.4 KB
173	79/193ee3	3025077	MULTIQC	Cohort_A	COMPLETED	0	2026-04-01 08:16:22.101	2026-04-01 08:16:22.195	2026-04-01 08:16:26.021	3.9s	2.3s	4	129.2 MB	2.6 GB	40.3 MB	7.9 MB
203	92/8d92fa	3025984	FILTER_SNVS	Cohort_A/l1m7WayG/chr20	COMPLETED	0	2026-04-01 08:16:25.290	2026-04-01 08:16:25.387	2026-04-01 08:16:26.961	1.7s	90ms	2	3.8 MB	12.2 MB	161.8 KB	2.4 KB
204	8c/a3a830	3026148	FILTER_SNVS	Cohort_A/l1m7WayG/chr21	COMPLETED	0	2026-04-01 08:16:25.624	2026-04-01 08:16:25.720	2026-04-01 08:16:27.322	1.7s	62ms	2	3.9 MB	12.2 MB	161.8 KB	2.4 KB
205	ca/81145b	3026244	FILTER_SNVS	Cohort_A/l1m7WayG/chr22	COMPLETED	0	2026-04-01 08:16:26.029	2026-04-01 08:16:26.121	2026-04-01 08:16:27.657	1.6s	90ms	2	3.8 MB	12.2 MB	160 KB	2.4 KB
206	5a/e6f072	3026246	FILTER_SNVS	Cohort_A/flwxQ4S6/chr11	COMPLETED	0	2026-04-01 08:16:26.036	2026-04-01 08:16:26.123	2026-04-01 08:16:27.672	1.6s	66ms	2	3.8 MB	12.2 MB	160 KB	2.4 KB
207	c4/183a4d	3026468	FILTER_SNVS	Cohort_A/l1m7WayG/chrX	COMPLETED	0	2026-04-01 08:16:26.965	2026-04-01 08:16:27.062	2026-04-01 08:16:28.615	1.7s	74ms	2	3.8 MB	12.2 MB	161.8 KB	2.4 KB
208	c2/830692	3026617	FILTER_SNVS	Cohort_A/l1m7WayG/chrY	COMPLETED	0	2026-04-01 08:16:27.326	2026-04-01 08:16:27.422	2026-04-01 08:16:29.132	1.8s	80ms	2	3.8 MB	12.2 MB	160 KB	2.4 KB
209	28/089e1f	3026901	FILTER_SNVS	Cohort_A/flwxQ4S6/chr14	COMPLETED	0	2026-04-01 08:16:27.661	2026-04-01 08:16:27.673	2026-04-01 08:16:29.321	1.7s	77ms	2	0	0	161.8 KB	2.4 KB
210	ec/3dcf59	3026915	FILTER_SNVS	Cohort_A/flwxQ4S6/chr1	COMPLETED	0	2026-04-01 08:16:27.677	2026-04-01 08:16:27.773	2026-04-01 08:16:29.321	1.6s	108ms	2	3.9 MB	12.2 MB	229.2 KB	40 KB
211	7b/bfb739	3027151	FILTER_SNVS	Cohort_A/flwxQ4S6/chr2	COMPLETED	0	2026-04-01 08:16:28.619	2026-04-01 08:16:28.714	2026-04-01 08:16:30.438	1.8s	153ms	2	3.9 MB	12.2 MB	236 KB	46.3 KB
212	89/8a44e9	3027300	FILTER_SNVS	Cohort_A/flwxQ4S6/chr3	COMPLETED	0	2026-04-01 08:16:29.136	2026-04-01 08:16:29.234	2026-04-01 08:16:30.962	1.8s	127ms	2	3.9 MB	12.2 MB	221.3 KB	37.5 KB
213	60/ebb703	3027564	FILTER_SNVS	Cohort_A/flwxQ4S6/chr4	COMPLETED	0	2026-04-01 08:16:29.325	2026-04-01 08:16:29.422	2026-04-01 08:16:30.969	1.6s	69ms	2	3.8 MB	12.2 MB	161.8 KB	2.4 KB
214	28/895cd6	3027566	FILTER_SNVS	Cohort_A/flwxQ4S6/chr20	COMPLETED	0	2026-04-01 08:16:29.329	2026-04-01 08:16:29.423	2026-04-01 08:16:30.987	1.7s	52ms	2	0	0	161.8 KB	2.4 KB
215	d3/29550b	3027806	FILTER_SNVS	Cohort_A/flwxQ4S6/chr7	COMPLETED	0	2026-04-01 08:16:30.442	2026-04-01 08:16:30.537	2026-04-01 08:16:32.175	1.7s	78ms	2	3.8 MB	12.2 MB	160 KB	2.4 KB
217	2f/ee7066	3028228	FILTER_SNVS	Cohort_A/flwxQ4S6/chr9	COMPLETED	0	2026-04-01 08:16:30.972	2026-04-01 08:16:30.988	2026-04-01 08:16:32.587	1.6s	84ms	2	0	0	161.8 KB	2.4 KB
216	01/740cb6	3028205	FILTER_SNVS	Cohort_A/flwxQ4S6/chr5	COMPLETED	0	2026-04-01 08:16:30.965	2026-04-01 08:16:30.969	2026-04-01 08:16:32.600	1.6s	93ms	2	3.8 MB	12.2 MB	161.8 KB	2.4 KB
218	02/16d248	3028248	FILTER_SNVS	Cohort_A/flwxQ4S6/chr8	COMPLETED	0	2026-04-01 08:16:30.991	2026-04-01 08:16:31.087	2026-04-01 08:16:32.605	1.6s	72ms	2	3.8 MB	12.2 MB	160 KB	2.4 KB
219	46/403094	3028484	FILTER_SNVS	Cohort_A/flwxQ4S6/chr10	COMPLETED	0	2026-04-01 08:16:32.180	2026-04-01 08:16:32.276	2026-04-01 08:16:33.911	1.7s	76ms	2	3.8 MB	12.2 MB	161.8 KB	2.4 KB
221	9d/e5502c	3028869	FILTER_SNVS	Cohort_A/flwxQ4S6/chr15	COMPLETED	0	2026-04-01 08:16:32.603	2026-04-01 08:16:32.605	2026-04-01 08:16:34.219	1.6s	80ms	2	3.8 MB	12.2 MB	160 KB	2.4 KB
220	15/82bdff	3028835	FILTER_SNVS	Cohort_A/flwxQ4S6/chr13	COMPLETED	0	2026-04-01 08:16:32.591	2026-04-01 08:16:32.601	2026-04-01 08:16:34.222	1.6s	84ms	2	3.8 MB	12.2 MB	161.8 KB	2.4 KB
222	7b/1e6995	3028874	FILTER_SNVS	Cohort_A/flwxQ4S6/chr12	COMPLETED	0	2026-04-01 08:16:32.607	2026-04-01 08:16:32.705	2026-04-01 08:16:34.228	1.6s	84ms	2	3.9 MB	12.2 MB	158.2 KB	2.4 KB
223	61/ed77fd	3029088	FILTER_SNVS	Cohort_A/flwxQ4S6/chr16	COMPLETED	0	2026-04-01 08:16:33.914	2026-04-01 08:16:34.012	2026-04-01 08:16:35.621	1.7s	76ms	2	3.9 MB	12.2 MB	161.8 KB	2.4 KB
225	ce/5be1ea	3029472	FILTER_SNVS	Cohort_A/flwxQ4S6/chr18	COMPLETED	0	2026-04-01 08:16:34.226	2026-04-01 08:16:34.229	2026-04-01 08:16:35.839	1.6s	76ms	2	3.8 MB	12.2 MB	161.8 KB	2.4 KB
224	97/73dcd4	3029464	FILTER_SNVS	Cohort_A/flwxQ4S6/chr17	COMPLETED	0	2026-04-01 08:16:34.222	2026-04-01 08:16:34.228	2026-04-01 08:16:35.866	1.6s	73ms	2	3.8 MB	12.2 MB	161.8 KB	2.4 KB
226	46/ed67fc	3029479	FILTER_SNVS	Cohort_A/flwxQ4S6/chr19	COMPLETED	0	2026-04-01 08:16:34.231	2026-04-01 08:16:34.329	2026-04-01 08:16:35.897	1.7s	58ms	2	3.8 MB	12.2 MB	160 KB	2.4 KB
227	0c/a041d7	3029717	FILTER_SNVS	Cohort_A/flwxQ4S6/chr21	COMPLETED	0	2026-04-01 08:16:35.625	2026-04-01 08:16:35.720	2026-04-01 08:16:37.249	1.6s	82ms	2	3.9 MB	12.2 MB	161.8 KB	2.4 KB
229	77/b8365a	3030083	FILTER_SNVS	Cohort_B/p0vXFG9j/chr10	COMPLETED	0	2026-04-01 08:16:35.869	2026-04-01 08:16:35.897	2026-04-01 08:16:37.418	1.5s	77ms	2	3.9 MB	12.2 MB	161.8 KB	2.4 KB
228	e3/a13f7b	3030026	FILTER_SNVS	Cohort_A/flwxQ4S6/chr22	COMPLETED	0	2026-04-01 08:16:35.842	2026-04-01 08:16:35.866	2026-04-01 08:16:37.430	1.6s	74ms	2	3.9 MB	12.2 MB	161.8 KB	2.4 KB
230	0c/0178ac	3030132	FILTER_SNVS	Cohort_A/flwxQ4S6/chrY	COMPLETED	0	2026-04-01 08:16:35.899	2026-04-01 08:16:35.996	2026-04-01 08:16:37.482	1.6s	62ms	2	3.7 MB	12.2 MB	161.8 KB	2.4 KB
231	c9/c53021	3030372	FILTER_SNVS	Cohort_A/flwxQ4S6/chrX	COMPLETED	0	2026-04-01 08:16:37.252	2026-04-01 08:16:37.349	2026-04-01 08:16:39.112	1.9s	206ms	2	14.8 MB	2.4 GB	161.8 KB	2.4 KB
234	6d/33fb3d	3030787	FILTER_SNVS	Cohort_B/p0vXFG9j/chr2	COMPLETED	0	2026-04-01 08:16:37.485	2026-04-01 08:16:37.582	2026-04-01 08:16:39.137	1.7s	143ms	2	3.8 MB	12.2 MB	234.9 KB	46.8 KB
232	fd/c3b75c	3030694	FILTER_SNVS	Cohort_B/p0vXFG9j/chr1	COMPLETED	0	2026-04-01 08:16:37.421	2026-04-01 08:16:37.431	2026-04-01 08:16:39.143	1.7s	136ms	2	3.9 MB	12.2 MB	226 KB	38 KB
233	30/135498	3030704	FILTER_SNVS	Cohort_B/p0vXFG9j/chr4	COMPLETED	0	2026-04-01 08:16:37.437	2026-04-01 08:16:37.482	2026-04-01 08:16:39.150	1.7s	91ms	2	3.8 MB	12.2 MB	161.7 KB	2.4 KB
238	90/e4d759	3031464	FILTER_SNVS	Cohort_B/p0vXFG9j/chr7	COMPLETED	0	2026-04-01 08:16:39.153	2026-04-01 08:16:39.251	2026-04-01 08:16:40.725	1.6s	74ms	2	0	0	160 KB	2.4 KB
236	a0/b1b076	3031449	FILTER_SNVS	Cohort_B/p0vXFG9j/chr5	COMPLETED	0	2026-04-01 08:16:39.141	2026-04-01 08:16:39.143	2026-04-01 08:16:40.781	1.6s	63ms	2	3.8 MB	12.2 MB	161.8 KB	2.4 KB
237	38/83a3e5	3031454	FILTER_SNVS	Cohort_B/p0vXFG9j/chr6	COMPLETED	0	2026-04-01 08:16:39.146	2026-04-01 08:16:39.151	2026-04-01 08:16:40.831	1.7s	119ms	2	3.8 MB	12.2 MB	161.8 KB	2.4 KB
235	77/ec6f93	3031342	FILTER_SNVS	Cohort_B/p0vXFG9j/chr3	COMPLETED	0	2026-04-01 08:16:39.117	2026-04-01 08:16:39.137	2026-04-01 08:16:40.836	1.7s	98ms	2	3.8 MB	12.2 MB	226.6 KB	44.7 KB
239	72/cd8c22	3031921	FILTER_SNVS	Cohort_B/p0vXFG9j/chr9	COMPLETED	0	2026-04-01 08:16:40.730	2026-04-01 08:16:40.782	2026-04-01 08:16:42.367	1.6s	73ms	2	3.9 MB	12.2 MB	161.8 KB	2.4 KB
240	0f/1dadc5	3031961	FILTER_SNVS	Cohort_B/p0vXFG9j/chr12	COMPLETED	0	2026-04-01 08:16:40.784	2026-04-01 08:16:40.831	2026-04-01 08:16:42.373	1.6s	84ms	2	3.9 MB	12.2 MB	161.8 KB	2.4 KB
242	7c/0c07ec	3032113	FILTER_SNVS	Cohort_B/p0vXFG9j/chr11	COMPLETED	0	2026-04-01 08:16:40.838	2026-04-01 08:16:40.936	2026-04-01 08:16:42.388	1.6s	72ms	2	3.8 MB	12.2 MB	161.8 KB	2.4 KB
241	1d/0ff648	3032112	FILTER_SNVS	Cohort_B/p0vXFG9j/chr8	COMPLETED	0	2026-04-01 08:16:40.835	2026-04-01 08:16:40.935	2026-04-01 08:16:42.408	1.6s	55ms	2	3.9 MB	12.2 MB	161.8 KB	2.4 KB
243	11/2003bc	3032698	FILTER_SNVS	Cohort_B/p0vXFG9j/chr14	COMPLETED	0	2026-04-01 08:16:42.372	2026-04-01 08:16:42.373	2026-04-01 08:16:44.032	1.7s	75ms	2	3.9 MB	12.2 MB	161.8 KB	2.4 KB
246	e9/306395	3032793	FILTER_SNVS	Cohort_B/y9NrF4aH/chr1	COMPLETED	0	2026-04-01 08:16:42.410	2026-04-01 08:16:42.509	2026-04-01 08:16:44.053	1.6s	128ms	2	3.9 MB	12.2 MB	219 KB	34.3 KB
244	13/4c4c6b	3032723	FILTER_SNVS	Cohort_B/p0vXFG9j/chr15	COMPLETED	0	2026-04-01 08:16:42.376	2026-04-01 08:16:42.389	2026-04-01 08:16:44.084	1.7s	78ms	2	3.9 MB	12.2 MB	160 KB	2.4 KB
245	f6/e1fbb7	3032773	FILTER_SNVS	Cohort_B/p0vXFG9j/chr13	COMPLETED	0	2026-04-01 08:16:42.392	2026-04-01 08:16:42.408	2026-04-01 08:16:44.122	1.7s	77ms	2	3.8 MB	12.2 MB	161.8 KB	2.4 KB
247	b3/6b296b	3033328	FILTER_SNVS	Cohort_B/p0vXFG9j/chr16	COMPLETED	0	2026-04-01 08:16:44.036	2026-04-01 08:16:44.054	2026-04-01 08:16:45.743	1.7s	79ms	2	0	0	161.8 KB	2.4 KB
248	32/d2b557	3033365	FILTER_SNVS	Cohort_B/p0vXFG9j/chr17	COMPLETED	0	2026-04-01 08:16:44.064	2026-04-01 08:16:44.085	2026-04-01 08:16:45.769	1.7s	86ms	2	3.8 MB	12.2 MB	160 KB	2.4 KB
249	30/d71c0e	3033416	FILTER_SNVS	Cohort_B/p0vXFG9j/chr20	COMPLETED	0	2026-04-01 08:16:44.087	2026-04-01 08:16:44.122	2026-04-01 08:16:45.790	1.7s	81ms	2	3.9 MB	12.2 MB	161.8 KB	2.4 KB
250	be/39d1d4	3033467	FILTER_SNVS	Cohort_B/y9NrF4aH/chr5	COMPLETED	0	2026-04-01 08:16:44.125	2026-04-01 08:16:44.221	2026-04-01 08:16:45.797	1.7s	57ms	2	3.8 MB	12.2 MB	160 KB	2.4 KB
254	ca/c7149c	3034095	FILTER_SNVS	Cohort_B/p0vXFG9j/chr21	COMPLETED	0	2026-04-01 08:16:45.800	2026-04-01 08:16:45.897	2026-04-01 08:16:47.422	1.6s	90ms	2	3.9 MB	12.2 MB	160 KB	2.4 KB
251	d9/9a25cb	3033954	FILTER_SNVS	Cohort_B/p0vXFG9j/chr19	COMPLETED	0	2026-04-01 08:16:45.750	2026-04-01 08:16:45.769	2026-04-01 08:16:47.424	1.7s	62ms	2	3.9 MB	12.2 MB	160 KB	2.4 KB
252	fc/acae1b	3034033	FILTER_SNVS	Cohort_B/p0vXFG9j/chr22	COMPLETED	0	2026-04-01 08:16:45.776	2026-04-01 08:16:45.790	2026-04-01 08:16:47.432	1.7s	84ms	2	3.8 MB	12.2 MB	160 KB	2.4 KB
253	22/3ff75f	3034083	FILTER_SNVS	Cohort_B/p0vXFG9j/chr18	COMPLETED	0	2026-04-01 08:16:45.793	2026-04-01 08:16:45.797	2026-04-01 08:16:47.481	1.7s	59ms	2	3.8 MB	12.2 MB	161.8 KB	2.4 KB
258	d0/53f923	3034763	FILTER_SNVS	Cohort_B/y9NrF4aH/chr4	COMPLETED	0	2026-04-01 08:16:47.485	2026-04-01 08:16:47.582	2026-04-01 08:16:49.070	1.6s	97ms	2	3.8 MB	12.2 MB	161.8 KB	2.4 KB
255	84/3f94e6	3034651	FILTER_SNVS	Cohort_B/p0vXFG9j/chrX	COMPLETED	0	2026-04-01 08:16:47.426	2026-04-01 08:16:47.432	2026-04-01 08:16:49.122	1.7s	63ms	2	0	0	161.8 KB	2.4 KB
256	03/118bb9	3034661	FILTER_SNVS	Cohort_B/y9NrF4aH/chr2	COMPLETED	0	2026-04-01 08:16:47.430	2026-04-01 08:16:47.433	2026-04-01 08:16:49.122	1.7s	98ms	2	3.9 MB	12.2 MB	225.5 KB	40.5 KB
257	54/f736f8	3034684	FILTER_SNVS	Cohort_B/p0vXFG9j/chrY	COMPLETED	0	2026-04-01 08:16:47.437	2026-04-01 08:16:47.481	2026-04-01 08:16:49.176	1.7s	62ms	2	3.8 MB	12.2 MB	160 KB	2.4 KB
260	3d/fc4d4f	3035334	FILTER_SNVS	Cohort_B/y9NrF4aH/chr15	COMPLETED	0	2026-04-01 08:16:49.126	2026-04-01 08:16:49.176	2026-04-01 08:16:50.795	1.7s	78ms	2	3.9 MB	12.2 MB	161.8 KB	2.4 KB
261	10/f7f03a	3035356	FILTER_SNVS	Cohort_B/y9NrF4aH/chr8	COMPLETED	0	2026-04-01 08:16:49.131	2026-04-01 08:16:49.177	2026-04-01 08:16:50.803	1.7s	117ms	2	3.9 MB	12.2 MB	160 KB	2.4 KB
262	62/75607a	3035419	FILTER_SNVS	Cohort_B/y9NrF4aH/chr6	COMPLETED	0	2026-04-01 08:16:49.180	2026-04-01 08:16:49.276	2026-04-01 08:16:50.824	1.6s	75ms	2	0	0	161.8 KB	2.4 KB
259	6d/e2e9ca	3035196	FILTER_SNVS	Cohort_B/y9NrF4aH/chr3	COMPLETED	0	2026-04-01 08:16:49.073	2026-04-01 08:16:49.122	2026-04-01 08:16:50.832	1.8s	90ms	2	3.8 MB	12.2 MB	184.4 KB	15.8 KB
263	ae/be77b5	3035975	FILTER_SNVS	Cohort_B/y9NrF4aH/chr9	COMPLETED	0	2026-04-01 08:16:50.799	2026-04-01 08:16:50.803	2026-04-01 08:16:52.549	1.8s	100ms	2	3.9 MB	12.2 MB	161.8 KB	2.4 KB
266	c0/295373	3036073	FILTER_SNVS	Cohort_B/y9NrF4aH/chr10	COMPLETED	0	2026-04-01 08:16:50.836	2026-04-01 08:16:50.933	2026-04-01 08:16:52.552	1.7s	101ms	2	3.8 MB	12.2 MB	160 KB	2.4 KB
264	94/e88acd	3036017	FILTER_SNVS	Cohort_B/y9NrF4aH/chr7	COMPLETED	0	2026-04-01 08:16:50.807	2026-04-01 08:16:50.824	2026-04-01 08:16:52.551	1.7s	118ms	2	3.7 MB	12.2 MB	161.8 KB	2.4 KB
265	5c/11d183	3036063	FILTER_SNVS	Cohort_B/y9NrF4aH/chr11	COMPLETED	0	2026-04-01 08:16:50.828	2026-04-01 08:16:50.833	2026-04-01 08:16:52.554	1.7s	72ms	2	3.8 MB	12.2 MB	161.8 KB	2.4 KB
270	99/8e04c3	3036726	FILTER_SNVS	Cohort_B/y9NrF4aH/chr13	COMPLETED	0	2026-04-01 08:16:52.562	2026-04-01 08:16:52.657	2026-04-01 08:16:54.168	1.6s	94ms	2	3.9 MB	12.2 MB	161.8 KB	2.4 KB
267	5b/f54f02	3036714	FILTER_SNVS	Cohort_B/y9NrF4aH/chr12	COMPLETED	0	2026-04-01 08:16:52.552	2026-04-01 08:16:52.555	2026-04-01 08:16:54.169	1.6s	74ms	2	0	0	161.8 KB	2.4 KB
268	e9/70a609	3036716	FILTER_SNVS	Cohort_B/y9NrF4aH/chr22	COMPLETED	0	2026-04-01 08:16:52.556	2026-04-01 08:16:52.655	2026-04-01 08:16:54.196	1.6s	91ms	2	3.9 MB	12.2 MB	161.8 KB	2.4 KB
269	d9/f21f59	3036720	FILTER_SNVS	Cohort_B/y9NrF4aH/chr14	COMPLETED	0	2026-04-01 08:16:52.558	2026-04-01 08:16:52.656	2026-04-01 08:16:54.218	1.7s	73ms	2	3.8 MB	12.2 MB	160 KB	2.4 KB
272	92/1c5484	3037296	FILTER_SNVS	Cohort_B/y9NrF4aH/chr19	COMPLETED	0	2026-04-01 08:16:54.175	2026-04-01 08:16:54.197	2026-04-01 08:16:55.863	1.7s	88ms	2	3.9 MB	12.2 MB	161.8 KB	2.4 KB
271	7d/7b4be9	3037290	FILTER_SNVS	Cohort_B/y9NrF4aH/chr16	COMPLETED	0	2026-04-01 08:16:54.171	2026-04-01 08:16:54.196	2026-04-01 08:16:55.866	1.7s	68ms	2	0	0	161.8 KB	2.4 KB
273	3b/71e934	3037347	FILTER_SNVS	Cohort_B/y9NrF4aH/chr17	COMPLETED	0	2026-04-01 08:16:54.199	2026-04-01 08:16:54.219	2026-04-01 08:16:55.879	1.7s	91ms	2	3.9 MB	12.2 MB	161.8 KB	2.4 KB
274	56/3b23e0	3037381	FILTER_SNVS	Cohort_B/y9NrF4aH/chr18	COMPLETED	0	2026-04-01 08:16:54.222	2026-04-01 08:16:54.318	2026-04-01 08:16:55.920	1.7s	60ms	2	3.9 MB	12.2 MB	161.8 KB	2.4 KB
276	94/c343fd	3037958	FILTER_SNVS	Cohort_B/TXBZa1Rf/chr3	COMPLETED	0	2026-04-01 08:16:55.871	2026-04-01 08:16:55.880	2026-04-01 08:16:57.790	1.9s	137ms	2	3.9 MB	12.2 MB	160 KB	2.4 KB
277	f1/116336	3037991	FILTER_SNVS	Cohort_B/y9NrF4aH/chr20	COMPLETED	0	2026-04-01 08:16:55.882	2026-04-01 08:16:55.921	2026-04-01 08:16:57.793	1.9s	79ms	2	3.9 MB	12.2 MB	161.8 KB	2.4 KB
278	b6/cbd862	3038054	FILTER_SNVS	Cohort_B/TXBZa1Rf/chr1	COMPLETED	0	2026-04-01 08:16:55.924	2026-04-01 08:16:56.020	2026-04-01 08:16:57.794	1.9s	143ms	2	3.9 MB	12.2 MB	235.3 KB	48.2 KB
275	de/ce43bc	3037949	FILTER_SNVS	Cohort_B/y9NrF4aH/chrY	COMPLETED	0	2026-04-01 08:16:55.867	2026-04-01 08:16:55.879	2026-04-01 08:16:57.837	2s	79ms	2	3.8 MB	12.2 MB	160 KB	2.4 KB
280	08/5fecc7	3038706	FILTER_SNVS	Cohort_B/y9NrF4aH/chrX	COMPLETED	0	2026-04-01 08:16:57.798	2026-04-01 08:16:57.839	2026-04-01 08:16:59.445	1.6s	125ms	2	3.9 MB	12.2 MB	161.8 KB	2.4 KB
281	18/a2293e	3038725	FILTER_SNVS	Cohort_B/TXBZa1Rf/chr4	COMPLETED	0	2026-04-01 08:16:57.802	2026-04-01 08:16:57.839	2026-04-01 08:16:59.448	1.6s	81ms	2	0	0	161.8 KB	2.4 KB
279	a3/875170	3038695	FILTER_SNVS	Cohort_B/TXBZa1Rf/chr2	COMPLETED	0	2026-04-01 08:16:57.794	2026-04-01 08:16:57.838	2026-04-01 08:16:59.450	1.7s	121ms	2	3.8 MB	12.2 MB	161.8 KB	2.4 KB
282	1a/2b82ea	3038783	FILTER_SNVS	Cohort_B/y9NrF4aH/chr21	COMPLETED	0	2026-04-01 08:16:57.841	2026-04-01 08:16:57.937	2026-04-01 08:16:59.474	1.6s	78ms	2	0	0	161.8 KB	2.4 KB
285	86/84bec3	3039381	FILTER_SNVS	Cohort_B/TXBZa1Rf/chr6	COMPLETED	0	2026-04-01 08:16:59.458	2026-04-01 08:16:59.477	2026-04-01 08:17:01.143	1.7s	135ms	2	3.8 MB	12.2 MB	160 KB	2.4 KB
283	f3/d5faff	3039354	FILTER_SNVS	Cohort_B/TXBZa1Rf/chr7	COMPLETED	0	2026-04-01 08:16:59.450	2026-04-01 08:16:59.475	2026-04-01 08:17:01.169	1.7s	111ms	2	3.9 MB	12.2 MB	161.8 KB	2.4 KB
284	a0/eb5290	3039366	FILTER_SNVS	Cohort_B/TXBZa1Rf/chr5	COMPLETED	0	2026-04-01 08:16:59.454	2026-04-01 08:16:59.476	2026-04-01 08:17:01.200	1.7s	59ms	2	0	0	161.8 KB	2.4 KB
286	a1/91b71e	3039411	FILTER_SNVS	Cohort_B/TXBZa1Rf/chr8	COMPLETED	0	2026-04-01 08:16:59.478	2026-04-01 08:16:59.574	2026-04-01 08:17:01.220	1.7s	55ms	2	3.8 MB	12.2 MB	161.8 KB	2.4 KB
289	c9/f16072	3040063	FILTER_SNVS	Cohort_B/TXBZa1Rf/chr9	COMPLETED	0	2026-04-01 08:17:01.203	2026-04-01 08:17:01.221	2026-04-01 08:17:02.946	1.7s	77ms	2	0	0	161.8 KB	2.4 KB
287	74/290b14	3039922	FILTER_SNVS	Cohort_B/TXBZa1Rf/chr10	COMPLETED	0	2026-04-01 08:17:01.146	2026-04-01 08:17:01.170	2026-04-01 08:17:02.974	1.8s	86ms	2	3.9 MB	12.2 MB	160 KB	2.4 KB
288	0c/cae718	3039974	FILTER_SNVS	Cohort_B/TXBZa1Rf/chr11	COMPLETED	0	2026-04-01 08:17:01.173	2026-04-01 08:17:01.201	2026-04-01 08:17:02.977	1.8s	83ms	2	3.8 MB	12.2 MB	158.2 KB	2.4 KB
290	bd/48152c	3040089	FILTER_SNVS	Cohort_B/TXBZa1Rf/chr12	COMPLETED	0	2026-04-01 08:17:01.224	2026-04-01 08:17:01.321	2026-04-01 08:17:02.997	1.8s	73ms	2	3.8 MB	12.2 MB	161.8 KB	2.4 KB
293	30/754e13	3040716	FILTER_SNVS	Cohort_B/TXBZa1Rf/chr14	COMPLETED	0	2026-04-01 08:17:02.982	2026-04-01 08:17:02.998	2026-04-01 08:17:04.661	1.7s	186ms	2	14.8 MB	2.4 GB	161.8 KB	2.4 KB
294	7a/116dec	3040746	FILTER_SNVS	Cohort_B/TXBZa1Rf/chr16	COMPLETED	0	2026-04-01 08:17:03.000	2026-04-01 08:17:03.098	2026-04-01 08:17:04.662	1.7s	139ms	2	3.8 MB	12.2 MB	161.8 KB	2.4 KB
292	c3/ad4215	3040704	FILTER_SNVS	Cohort_B/TXBZa1Rf/chr13	COMPLETED	0	2026-04-01 08:17:02.978	2026-04-01 08:17:02.997	2026-04-01 08:17:04.762	1.8s	178ms	2	14.7 MB	2.4 GB	160 KB	2.4 KB
291	d9/70a61c	3040621	FILTER_SNVS	Cohort_B/TXBZa1Rf/chr15	COMPLETED	0	2026-04-01 08:17:02.952	2026-04-01 08:17:02.975	2026-04-01 08:17:04.762	1.8s	171ms	2	14.6 MB	2.4 GB	161.8 KB	2.4 KB
296	e7/c5d6df	3041410	FILTER_SNVS	Cohort_B/TXBZa1Rf/chr20	COMPLETED	0	2026-04-01 08:17:04.669	2026-04-01 08:17:04.764	2026-04-01 08:17:06.282	1.6s	84ms	2	0	0	161.8 KB	2.4 KB
295	d1/6334a8	3041407	FILTER_SNVS	Cohort_B/TXBZa1Rf/chr17	COMPLETED	0	2026-04-01 08:17:04.665	2026-04-01 08:17:04.762	2026-04-01 08:17:06.301	1.6s	90ms	2	3.9 MB	12.2 MB	161.8 KB	2.4 KB
297	3c/021d1f	3041419	FILTER_SNVS	Cohort_B/TXBZa1Rf/chr18	COMPLETED	0	2026-04-01 08:17:04.767	2026-04-01 08:17:04.861	2026-04-01 08:17:06.357	1.6s	65ms	2	3.8 MB	12.2 MB	161.8 KB	2.4 KB
298	65/da0594	3041420	FILTER_SNVS	Cohort_B/TXBZa1Rf/chr19	COMPLETED	0	2026-04-01 08:17:04.772	2026-04-01 08:17:04.862	2026-04-01 08:17:06.444	1.7s	73ms	2	3.9 MB	12.2 MB	161.8 KB	2.4 KB
299	ae/2f305e	3041827	FILTER_SNVS	Cohort_B/TXBZa1Rf/chrX	COMPLETED	0	2026-04-01 08:17:06.286	2026-04-01 08:17:06.301	2026-04-01 08:17:07.967	1.7s	73ms	2	3.8 MB	12.2 MB	161.8 KB	2.4 KB
300	ce/7af192	3041858	FILTER_SNVS	Cohort_B/TXBZa1Rf/chr21	COMPLETED	0	2026-04-01 08:17:06.310	2026-04-01 08:17:06.357	2026-04-01 08:17:08.034	1.7s	55ms	2	3.8 MB	12.2 MB	161.8 KB	2.4 KB
301	51/c22272	3041989	FILTER_SNVS	Cohort_B/TXBZa1Rf/chr22	COMPLETED	0	2026-04-01 08:17:06.360	2026-04-01 08:17:06.444	2026-04-01 08:17:08.066	1.7s	60ms	2	3.9 MB	12.2 MB	161.8 KB	2.4 KB
302	8e/f55e8f	3042077	FILTER_SNVS	Cohort_B/TXBZa1Rf/chrY	COMPLETED	0	2026-04-01 08:17:06.448	2026-04-01 08:17:06.544	2026-04-01 08:17:08.207	1.8s	75ms	2	3.9 MB	12.2 MB	161.8 KB	2.4 KB
303	d8/86d945	3042743	ANNOTATE_VARIANTS	Cohort_A/l1m7WayG	COMPLETED	0	2026-04-01 08:17:08.231	2026-04-01 08:17:08.308	2026-04-01 08:17:11.565	3.3s	1.6s	4	92.2 MB	2.5 GB	25.2 MB	524.9 KB
305	7a/9bba0d	3042744	ANNOTATE_VARIANTS	Cohort_A/flwxQ4S6	COMPLETED	0	2026-04-01 08:17:08.236	2026-04-01 08:17:08.309	2026-04-01 08:17:11.605	3.4s	1.6s	4	105.2 MB	4.6 GB	26.2 MB	1.3 MB
308	25/fa131c	3044257	ANNOTATE_VARIANTS	Cohort_B/TXBZa1Rf	COMPLETED	0	2026-04-01 08:17:11.573	2026-04-01 08:17:11.606	2026-04-01 08:17:14.684	3.1s	1.4s	4	110.3 MB	2.5 GB	25.2 MB	535.7 KB
306	32/53f06e	3044274	ANNOTATE_VARIANTS	Cohort_B/p0vXFG9j	COMPLETED	0	2026-04-01 08:17:11.613	2026-04-01 08:17:11.705	2026-04-01 08:17:14.835	3.2s	1.5s	4	119.5 MB	4.6 GB	26.3 MB	1.4 MB
304	8b/fadd43	3045780	ANNOTATE_VARIANTS	Cohort_A/6iegzyVR	COMPLETED	0	2026-04-01 08:17:14.691	2026-04-01 08:17:14.784	2026-04-01 08:17:17.713	3s	1.4s	4	119.4 MB	3.5 GB	25.1 MB	405.1 KB
307	24/15837b	3045804	ANNOTATE_VARIANTS	Cohort_B/y9NrF4aH	COMPLETED	0	2026-04-01 08:17:14.843	2026-04-01 08:17:14.936	2026-04-01 08:17:17.845	3s	1.4s	4	127.9 MB	5.6 GB	25.8 MB	968.6 KB
310	43/c23ee2	3047328	MERGE_COHORT	Cohort_B	COMPLETED	0	2026-04-01 08:17:17.877	2026-04-01 08:17:17.946	2026-04-01 08:17:20.155	2.3s	726ms	4	26.2 MB	2.2 GB	24.1 MB	179.6 KB
309	c4/d81fe7	3047327	MERGE_COHORT	Cohort_A	COMPLETED	0	2026-04-01 08:17:17.870	2026-04-01 08:17:17.945	2026-04-01 08:17:20.158	2.3s	634ms	4	29.6 MB	2.2 GB	24.1 MB	140.2 KB
312	53/c7a889	3047663	VARIANT_REPORT	Cohort_A	COMPLETED	0	2026-04-01 08:17:20.186	2026-04-01 08:17:20.260	2026-04-01 08:17:25.807	5.6s	4.2s	4	283.2 MB	3.9 GB	72.6 MB	4.3 MB
311	ef/56d474	3047661	VARIANT_REPORT	Cohort_B	COMPLETED	0	2026-04-01 08:17:20.178	2026-04-01 08:17:20.259	2026-04-01 08:17:25.862	5.7s	4.2s	4	285.8 MB	3.9 GB	72.7 MB	4.3 MB
313	78/345eba	3048401	RUN_PCA	-	COMPLETED	0	2026-04-01 08:17:25.896	2026-04-01 08:17:25.964	2026-04-01 08:17:29.078	3.2s	1.8s	2	221 MB	4.6 GB	66.2 MB	4.6 MB
314	b7/805efa	3048400	FINAL_SUMMARY	-	COMPLETED	0	2026-04-01 08:17:25.890	2026-04-01 08:17:25.962	2026-04-01 08:17:29.143	3.3s	1.8s	4	177.8 MB	4.7 GB	49.3 MB	1.6 MB
